source_ip,destination_ip
"46.101.208.222",
"125.64.94.200",
"176.119.4.30",
"185.244.25.164",
"178.184.165.187",
"178.184.165.187",
"138.68.65.19",
"92.53.90.182",
"194.28.115.243",
"172.104.122.237",
"198.108.67.42",
"80.211.11.13",
"178.128.98.86",
"80.211.11.13",
"209.97.152.146",
"176.119.4.7",
"103.233.80.71",
"125.64.94.200",
"103.233.80.71",
"209.141.35.236",
"103.233.80.71",
"209.141.56.95",
"103.233.80.71",
"103.233.80.71",
"103.233.80.71",
"109.207.194.4",
"46.101.9.8",
"176.119.4.56",
"176.119.7.50",
"46.101.199.124",
"78.128.112.54",
"209.141.35.236",
"171.232.153.220",
"185.255.31.14",
"68.183.123.55",
"185.255.31.14",
"68.183.123.55",
"185.255.31.14",
"185.244.25.164",
"178.62.41.160",
"194.28.115.243",
"185.244.25.164",
"194.28.115.245",
"185.8.50.73",
"185.244.25.144",
"150.242.18.215",
"223.80.12.137",
"194.28.115.245",
"123.207.52.101",
"185.153.198.222",
"103.233.80.71",
"185.214.45.70",
"178.62.41.160",
"142.93.204.158",
"176.119.4.27",
"206.189.6.137",
"176.119.4.18",
"104.248.216.219",
"46.101.128.119",
"209.141.56.95",
"163.172.227.193",
"176.119.4.18",
"35.233.45.131",
"104.248.216.219",
"176.119.4.18",
"209.97.152.146",
"35.233.45.131",
"46.101.208.222",
"209.141.35.236",
"205.185.119.229",
"142.93.204.158",
"80.211.11.13",
"196.87.174.30",
"185.244.25.164",
"190.160.226.158",
"138.68.71.163",
"139.162.120.104",
"178.62.41.160",
"185.255.31.14",
"209.141.35.236",
"185.8.50.73",
"121.221.132.73",
"46.101.9.8",
"80.211.147.147",
"209.141.56.95",
"92.53.90.191",
"128.199.42.7",
"185.244.25.164",
"138.68.71.163",
"85.93.20.252",
"67.176.80.23",
"189.181.40.161",
"77.72.85.8",
"46.101.199.124",
"209.141.35.236",
"194.28.115.245",
"185.53.91.50",
"103.94.126.218",
"80.211.11.13",
"205.185.119.229",
"185.244.25.164",
"209.141.56.95",
"46.101.208.222",
"142.93.204.158",
"176.119.4.53",
"37.79.50.106",
"209.97.152.146",
"80.82.77.139",
"185.244.25.164",
"77.72.85.27",
"185.8.50.73",
"176.119.4.27",
"123.185.104.45",
"138.68.65.19",
"209.141.35.236",
"194.55.142.100",
"185.244.25.164",
"138.68.65.19",
"68.183.123.55",
"178.62.41.160",
"176.119.7.50",
"209.141.56.95",
"176.119.4.60",
"185.244.25.164",
"80.211.254.249",
"209.141.35.236",
"46.101.199.124",
"178.245.134.157",
"1.87.129.178",
"80.211.11.13",
"176.119.7.62",
"162.243.143.176",
"81.199.83.142",
"209.141.56.95",
"185.244.25.164",
"103.255.5.116",
"178.62.41.160",
"46.101.128.119",
"68.183.123.55",
"185.153.196.3",
"194.28.115.243",
"138.68.71.163",
"185.8.50.73",
"46.101.9.8",
"184.105.247.199",
"112.113.136.13",
"185.244.25.164",
"146.0.77.66",
"209.97.152.146",
"194.28.115.245",
"142.93.204.158",
"85.184.36.105",
"188.166.3.86",
"185.244.25.164",
"205.185.119.229",
"92.53.90.179",
"138.68.65.19",
"138.68.71.163",
"185.244.25.164",
"185.8.50.73",
"74.82.47.4",
"27.219.182.64",
"119.183.74.121",
"201.150.151.82",
"185.8.50.73",
"176.119.7.62",
"80.211.92.62",
"178.62.41.160",
"71.6.146.130",
"68.183.123.55",
"188.166.3.86",
"209.141.35.236",
"209.141.56.95",
"71.193.57.71",
"142.93.204.158",
"185.244.25.164",
"37.49.231.120",
"188.246.226.71",
"80.211.11.13",
"209.97.152.146",
"178.62.41.160",
"46.101.199.124",
"185.244.25.164",
"209.141.56.95",
"209.141.35.236",
"178.159.37.102",
"185.8.50.73",
"138.68.71.163",
"176.119.4.27",
"194.28.115.243",
"209.141.35.236",
"95.251.21.91",
"68.183.123.55",
"188.166.3.86",
"185.244.25.164",
"209.141.56.95",
"37.191.210.7",
"46.101.9.8",
"218.156.38.232",
"116.14.69.84",
"46.101.208.222",
"208.100.26.228",
"125.64.94.200",
"178.62.41.160",
"142.93.204.158",
"185.244.25.164",
"176.119.7.62",
"80.211.11.13",
"188.166.3.86",
"46.101.9.8",
"46.101.199.124",
"185.244.25.164",
"194.28.115.245",
"198.108.67.43",
"138.68.65.19",
"68.183.123.55",
"209.141.35.236",
"188.166.3.86",
"209.141.56.95",
"185.142.236.34",
"138.68.71.163",
"185.244.25.164",
"194.28.115.245",
"209.141.35.236",
"176.119.4.60",
"185.8.50.73",
"111.62.24.216",
"198.108.67.35",
"68.183.123.55",
"36.89.19.26",
"80.211.11.13",
"189.102.137.92",
"5.188.206.249",
"46.101.9.8",
"46.101.199.124",
"209.141.56.95",
"194.28.115.243",
"188.166.3.86",
"46.101.128.119",
"185.8.50.73",
"107.170.206.24",
"68.183.123.55",
"185.244.25.164",
"188.166.3.86",
"142.93.204.158",
"46.101.9.8",
"209.141.56.95",
"138.68.65.19",
"178.62.41.160",
"188.166.73.243",
"176.119.4.27",
"176.119.7.62",
"110.249.214.178",
"205.185.119.229",
"185.244.25.164",
"185.143.221.16",
"80.211.92.62",
"209.97.152.146",
"138.68.71.163",
"52.56.153.146",
"80.211.11.13",
"68.183.123.55",
"185.244.25.164",
"46.101.128.119",
"35.239.84.63",
"112.254.77.146",
"185.255.31.14",
"185.255.31.34",
"176.119.4.53",
"185.244.25.164",
"185.8.50.73",
"209.141.56.95",
"94.102.59.114",
"46.101.208.222",
"138.68.71.163",
"188.166.3.86",
"194.28.115.243",
"185.244.25.164",
"188.166.73.243",
"209.141.56.95",
"194.28.115.245",
"188.166.3.86",
"209.141.35.236",
"35.239.84.63",
"46.101.199.124",
"31.192.108.69",
"185.244.25.164",
"80.211.11.13",
"185.8.50.73",
"184.105.247.234",
"172.105.224.78",
"138.68.65.19",
"68.183.123.55",
"176.119.4.56",
"45.6.84.6",
"185.244.25.164",
"125.64.94.197",
"209.141.35.236",
"212.129.30.255",
"103.255.5.76",
"185.244.25.164",
"194.28.115.245",
"188.166.3.86",
"194.28.115.245",
"209.141.56.95",
"188.166.73.243",
"46.101.9.8",
"176.119.1.206",
"46.101.208.222",
"205.185.119.229",
"68.183.123.55",
"46.101.199.124",
"185.244.25.164",
"185.8.50.73",
"58.190.34.208",
"107.170.219.195",
"80.211.11.13",
"175.150.226.60",
"209.141.56.95",
"198.108.67.42",
"209.141.35.236",
"46.101.128.119",
"138.68.65.19",
"138.68.71.163",
"185.244.25.164",
"209.141.35.236",
"142.93.204.158",
"176.119.4.18",
"35.239.84.63",
"35.239.84.63",
"35.239.84.63",
"35.239.84.63",
"35.239.84.63",
"35.239.84.63",
"35.239.84.63",
"35.239.84.63",
"35.239.84.63",
"35.239.84.63",
"35.239.84.63",
"35.239.84.63",
"35.239.84.63",
"35.239.84.63",
"35.239.84.63",
"35.239.84.63",
"35.239.84.63",
"35.239.84.63",
"35.239.84.63",
"35.239.84.63",
"35.239.84.63",
"35.239.84.63",
"35.239.84.63",
"35.239.84.63",
"35.239.84.63",
"35.239.84.63",
"35.239.84.63",
"35.239.84.63",
"35.239.84.63",
"35.239.84.63",
"35.239.84.63",
"35.239.84.63",
"35.239.84.63",
"35.239.84.63",
"35.239.84.63",
"35.239.84.63",
"35.239.84.63",
"35.239.84.63",
"35.239.84.63",
"35.239.84.63",
"35.239.84.63",
"35.239.84.63",
"178.62.41.160",
"35.239.84.63",
"35.239.84.63",
"35.239.84.63",
"35.239.84.63",
"35.239.84.63",
"35.239.84.63",
"35.239.84.63",
"35.239.84.63",
"35.239.84.63",
"35.239.84.63",
"35.239.84.63",
"35.239.84.63",
"35.239.84.63",
"35.239.84.63",
"35.239.84.63",
"35.239.84.63",
"35.239.84.63",
"35.239.84.63",
"35.239.84.63",
"35.239.84.63",
"35.239.84.63",
"35.239.84.63",
"35.239.84.63",
"35.239.84.63",
"35.239.84.63",
"35.239.84.63",
"35.239.84.63",
"35.239.84.63",
"35.239.84.63",
"35.239.84.63",
"35.239.84.63",
"35.239.84.63",
"35.239.84.63",
"35.239.84.63",
"35.239.84.63",
"35.239.84.63",
"35.239.84.63",
"35.239.84.63",
"35.239.84.63",
"35.239.84.63",
"35.239.84.63",
"35.239.84.63",
"35.239.84.63",
"35.239.84.63",
"35.239.84.63",
"35.239.84.63",
"35.239.84.63",
"35.239.84.63",
"35.239.84.63",
"35.239.84.63",
"35.239.84.63",
"35.239.84.63",
"35.239.84.63",
"35.239.84.63",
"35.239.84.63",
"35.239.84.63",
"35.239.84.63",
"35.239.84.63",
"35.239.84.63",
"35.239.84.63",
"35.239.84.63",
"35.239.84.63",
"35.239.84.63",
"35.239.84.63",
"35.239.84.63",
"35.239.84.63",
"35.239.84.63",
"35.239.84.63",
"35.239.84.63",
"35.239.84.63",
"35.239.84.63",
"35.239.84.63",
"35.239.84.63",
"35.239.84.63",
"35.239.84.63",
"35.239.84.63",
"35.239.84.63",
"35.239.84.63",
"35.239.84.63",
"35.239.84.63",
"35.239.84.63",
"35.239.84.63",
"35.239.84.63",
"35.239.84.63",
"35.239.84.63",
"35.239.84.63",
"35.239.84.63",
"35.239.84.63",
"35.239.84.63",
"35.239.84.63",
"35.239.84.63",
"35.239.84.63",
"35.239.84.63",
"35.239.84.63",
"35.239.84.63",
"35.239.84.63",
"35.239.84.63",
"35.239.84.63",
"35.239.84.63",
"35.239.84.63",
"35.239.84.63",
"35.239.84.63",
"35.239.84.63",
"35.239.84.63",
"35.239.84.63",
"35.239.84.63",
"35.239.84.63",
"35.239.84.63",
"35.239.84.63",
"194.28.115.243",
"35.239.84.63",
"35.239.84.63",
"35.239.84.63",
"35.239.84.63",
"35.239.84.63",
"35.239.84.63",
"35.239.84.63",
"35.239.84.63",
"35.239.84.63",
"35.239.84.63",
"35.239.84.63",
"35.239.84.63",
"35.239.84.63",
"35.239.84.63",
"46.101.9.8",
"35.239.84.63",
"35.239.84.63",
"35.239.84.63",
"35.239.84.63",
"35.239.84.63",
"35.239.84.63",
"35.239.84.63",
"35.239.84.63",
"35.239.84.63",
"35.239.84.63",
"35.239.84.63",
"35.239.84.63",
"35.239.84.63",
"35.239.84.63",
"35.239.84.63",
"35.239.84.63",
"35.239.84.63",
"35.239.84.63",
"35.239.84.63",
"35.239.84.63",
"35.239.84.63",
"35.239.84.63",
"35.239.84.63",
"35.239.84.63",
"35.239.84.63",
"35.239.84.63",
"35.239.84.63",
"35.239.84.63",
"35.239.84.63",
"35.239.84.63",
"35.239.84.63",
"35.239.84.63",
"35.239.84.63",
"35.239.84.63",
"35.239.84.63",
"35.239.84.63",
"35.239.84.63",
"35.239.84.63",
"35.239.84.63",
"35.239.84.63",
"35.239.84.63",
"35.239.84.63",
"35.239.84.63",
"35.239.84.63",
"35.239.84.63",
"35.239.84.63",
"35.239.84.63",
"35.239.84.63",
"35.239.84.63",
"35.239.84.63",
"35.239.84.63",
"35.239.84.63",
"35.239.84.63",
"35.239.84.63",
"35.239.84.63",
"35.239.84.63",
"35.239.84.63",
"35.239.84.63",
"35.239.84.63",
"35.239.84.63",
"35.239.84.63",
"35.239.84.63",
"35.239.84.63",
"35.239.84.63",
"35.239.84.63",
"35.239.84.63",
"35.239.84.63",
"35.239.84.63",
"35.239.84.63",
"35.239.84.63",
"35.239.84.63",
"35.239.84.63",
"35.239.84.63",
"35.239.84.63",
"35.239.84.63",
"35.239.84.63",
"35.239.84.63",
"35.239.84.63",
"35.239.84.63",
"35.239.84.63",
"35.239.84.63",
"35.239.84.63",
"35.239.84.63",
"35.239.84.63",
"35.239.84.63",
"35.239.84.63",
"35.239.84.63",
"35.239.84.63",
"35.239.84.63",
"35.239.84.63",
"35.239.84.63",
"35.239.84.63",
"35.239.84.63",
"35.239.84.63",
"35.239.84.63",
"35.239.84.63",
"35.239.84.63",
"35.239.84.63",
"35.239.84.63",
"35.239.84.63",
"35.239.84.63",
"35.239.84.63",
"35.239.84.63",
"35.239.84.63",
"35.239.84.63",
"35.239.84.63",
"35.239.84.63",
"35.239.84.63",
"35.239.84.63",
"35.239.84.63",
"35.239.84.63",
"35.239.84.63",
"35.239.84.63",
"35.239.84.63",
"35.239.84.63",
"35.239.84.63",
"35.239.84.63",
"35.239.84.63",
"35.239.84.63",
"35.239.84.63",
"35.239.84.63",
"35.239.84.63",
"35.239.84.63",
"35.239.84.63",
"35.239.84.63",
"35.239.84.63",
"35.239.84.63",
"35.239.84.63",
"35.239.84.63",
"35.239.84.63",
"35.239.84.63",
"35.239.84.63",
"35.239.84.63",
"35.239.84.63",
"35.239.84.63",
"35.239.84.63",
"35.239.84.63",
"35.239.84.63",
"35.239.84.63",
"35.239.84.63",
"35.239.84.63",
"35.239.84.63",
"35.239.84.63",
"35.239.84.63",
"35.239.84.63",
"35.239.84.63",
"35.239.84.63",
"35.239.84.63",
"35.239.84.63",
"35.239.84.63",
"35.239.84.63",
"35.239.84.63",
"35.239.84.63",
"35.239.84.63",
"35.239.84.63",
"35.239.84.63",
"35.239.84.63",
"35.239.84.63",
"35.239.84.63",
"35.239.84.63",
"35.239.84.63",
"35.239.84.63",
"35.239.84.63",
"35.239.84.63",
"35.239.84.63",
"35.239.84.63",
"35.239.84.63",
"35.239.84.63",
"35.239.84.63",
"35.239.84.63",
"35.239.84.63",
"35.239.84.63",
"35.239.84.63",
"35.239.84.63",
"35.239.84.63",
"35.239.84.63",
"35.239.84.63",
"35.239.84.63",
"35.239.84.63",
"35.239.84.63",
"35.239.84.63",
"35.239.84.63",
"35.239.84.63",
"35.239.84.63",
"35.239.84.63",
"35.239.84.63",
"35.239.84.63",
"35.239.84.63",
"35.239.84.63",
"35.239.84.63",
"35.239.84.63",
"35.239.84.63",
"35.239.84.63",
"35.239.84.63",
"35.239.84.63",
"35.239.84.63",
"35.239.84.63",
"35.239.84.63",
"35.239.84.63",
"35.239.84.63",
"35.239.84.63",
"35.239.84.63",
"35.239.84.63",
"35.239.84.63",
"35.239.84.63",
"35.239.84.63",
"35.239.84.63",
"35.239.84.63",
"35.239.84.63",
"138.68.71.163",
"35.239.84.63",
"35.239.84.63",
"35.239.84.63",
"35.239.84.63",
"35.239.84.63",
"35.239.84.63",
"35.239.84.63",
"35.239.84.63",
"35.239.84.63",
"35.239.84.63",
"35.239.84.63",
"35.239.84.63",
"35.239.84.63",
"35.239.84.63",
"35.239.84.63",
"35.239.84.63",
"35.239.84.63",
"35.239.84.63",
"35.239.84.63",
"35.239.84.63",
"35.239.84.63",
"35.239.84.63",
"35.239.84.63",
"35.239.84.63",
"35.239.84.63",
"35.239.84.63",
"35.239.84.63",
"35.239.84.63",
"35.239.84.63",
"35.239.84.63",
"35.239.84.63",
"35.239.84.63",
"35.239.84.63",
"35.239.84.63",
"35.239.84.63",
"35.239.84.63",
"35.239.84.63",
"35.239.84.63",
"35.239.84.63",
"35.239.84.63",
"35.239.84.63",
"35.239.84.63",
"35.239.84.63",
"35.239.84.63",
"35.239.84.63",
"35.239.84.63",
"35.239.84.63",
"35.239.84.63",
"35.239.84.63",
"35.239.84.63",
"35.239.84.63",
"35.239.84.63",
"35.239.84.63",
"35.239.84.63",
"35.239.84.63",
"35.239.84.63",
"35.239.84.63",
"35.239.84.63",
"35.239.84.63",
"35.239.84.63",
"35.239.84.63",
"35.239.84.63",
"35.239.84.63",
"35.239.84.63",
"35.239.84.63",
"35.239.84.63",
"35.239.84.63",
"35.239.84.63",
"35.239.84.63",
"35.239.84.63",
"35.239.84.63",
"35.239.84.63",
"35.239.84.63",
"35.239.84.63",
"35.239.84.63",
"35.239.84.63",
"35.239.84.63",
"35.239.84.63",
"35.239.84.63",
"35.239.84.63",
"35.239.84.63",
"35.239.84.63",
"35.239.84.63",
"35.239.84.63",
"35.239.84.63",
"35.239.84.63",
"35.239.84.63",
"35.239.84.63",
"35.239.84.63",
"35.239.84.63",
"35.239.84.63",
"35.239.84.63",
"35.239.84.63",
"35.239.84.63",
"35.239.84.63",
"35.239.84.63",
"35.239.84.63",
"35.239.84.63",
"35.239.84.63",
"35.239.84.63",
"35.239.84.63",
"35.239.84.63",
"35.239.84.63",
"35.239.84.63",
"35.239.84.63",
"35.239.84.63",
"35.239.84.63",
"35.239.84.63",
"35.239.84.63",
"35.239.84.63",
"35.239.84.63",
"35.239.84.63",
"35.239.84.63",
"35.239.84.63",
"35.239.84.63",
"35.239.84.63",
"35.239.84.63",
"35.239.84.63",
"35.239.84.63",
"35.239.84.63",
"35.239.84.63",
"35.239.84.63",
"35.239.84.63",
"35.239.84.63",
"35.239.84.63",
"35.239.84.63",
"35.239.84.63",
"35.239.84.63",
"35.239.84.63",
"35.239.84.63",
"35.239.84.63",
"35.239.84.63",
"35.239.84.63",
"35.239.84.63",
"35.239.84.63",
"35.239.84.63",
"35.239.84.63",
"35.239.84.63",
"35.239.84.63",
"35.239.84.63",
"35.239.84.63",
"35.239.84.63",
"35.239.84.63",
"35.239.84.63",
"35.239.84.63",
"35.239.84.63",
"35.239.84.63",
"35.239.84.63",
"35.239.84.63",
"35.239.84.63",
"35.239.84.63",
"35.239.84.63",
"35.239.84.63",
"35.239.84.63",
"35.239.84.63",
"35.239.84.63",
"35.239.84.63",
"35.239.84.63",
"35.239.84.63",
"35.239.84.63",
"35.239.84.63",
"35.239.84.63",
"35.239.84.63",
"35.239.84.63",
"35.239.84.63",
"35.239.84.63",
"35.239.84.63",
"35.239.84.63",
"35.239.84.63",
"35.239.84.63",
"35.239.84.63",
"35.239.84.63",
"35.239.84.63",
"35.239.84.63",
"35.239.84.63",
"35.239.84.63",
"35.239.84.63",
"35.239.84.63",
"35.239.84.63",
"35.239.84.63",
"35.239.84.63",
"35.239.84.63",
"35.239.84.63",
"35.239.84.63",
"35.239.84.63",
"35.239.84.63",
"35.239.84.63",
"35.239.84.63",
"35.239.84.63",
"35.239.84.63",
"35.239.84.63",
"35.239.84.63",
"35.239.84.63",
"35.239.84.63",
"35.239.84.63",
"35.239.84.63",
"35.239.84.63",
"35.239.84.63",
"35.239.84.63",
"35.239.84.63",
"35.239.84.63",
"35.239.84.63",
"35.239.84.63",
"35.239.84.63",
"35.239.84.63",
"35.239.84.63",
"194.28.115.245",
"35.239.84.63",
"46.101.9.8",
"185.244.25.164",
"209.141.56.95",
"210.195.132.38",
"185.8.50.73",
"188.166.3.86",
"5.188.206.244",
"188.166.3.86",
"176.119.4.56",
"46.101.199.124",
"168.232.14.134",
"176.109.186.246",
"89.248.174.3",
"61.216.152.133",
"80.211.11.13",
"185.244.25.164",
"138.68.71.163",
"209.141.35.236",
"46.101.9.8",
"46.101.208.222",
"188.166.3.86",
"46.101.128.119",
"194.28.115.243",
"80.211.92.62",
"80.211.11.13",
"172.104.109.160",
"118.68.142.149",
"125.212.217.215",
"209.141.56.95",
"209.141.35.236",
"177.185.40.173",
"185.244.25.164",
"104.248.216.219",
"68.183.123.55",
"46.101.199.124",
"188.246.226.45",
"178.62.41.160",
"185.28.36.42",
"46.101.9.8",
"176.119.7.62",
"185.244.25.167",
"46.101.208.222",
"209.141.56.95",
"185.255.31.14",
"185.244.25.164",
"142.93.204.158",
"178.73.215.171",
"209.141.35.236",
"46.101.9.8",
"68.183.123.55",
"185.200.118.76",
"194.28.115.243",
"167.99.43.229",
"185.244.25.164",
"185.8.50.73",
"178.62.41.160",
"46.101.199.124",
"185.244.25.164",
"94.102.49.65",
"36.238.61.245",
"80.211.11.13",
"138.68.71.163",
"202.9.123.10",
"209.141.35.236",
"198.108.67.38",
"209.141.56.95",
"185.244.25.164",
"68.183.123.55",
"93.174.93.149",
"178.134.61.66",
"137.59.93.179",
"138.68.65.19",
"209.141.35.236",
"185.153.198.249",
"185.244.25.164",
"74.82.47.30",
"107.170.217.88",
"176.119.4.18",
"68.183.123.55",
"194.28.115.245",
"209.141.56.95",
"80.211.11.13",
"37.17.226.7",
"185.244.25.164",
"176.119.4.27",
"46.101.208.222",
"138.68.65.19",
"46.101.128.119",
"142.93.204.158",
"185.8.50.73",
"116.107.89.26",
"80.211.251.227",
"206.189.94.212",
"209.141.56.95",
"206.189.111.108",
"117.62.95.240",
"202.115.28.235",
"178.62.41.160",
"46.101.199.124",
"185.244.25.164",
"92.53.90.191",
"209.141.35.236",
"188.18.246.159",
"176.119.4.27",
"162.248.138.233",
"209.141.56.95",
"190.110.208.150",
"46.101.208.222",
"185.244.25.164",
"68.183.123.55",
"80.211.11.13",
"138.68.71.163",
"46.101.9.8",
"46.101.9.8",
"205.185.119.229",
"211.103.3.167",
"185.143.221.46",
"185.143.221.46",
"185.143.221.46",
"142.93.204.158",
"185.244.25.164",
"209.141.35.236",
"185.8.50.73",
"176.119.7.62",
"185.244.25.164",
"38.106.11.42",
"77.72.85.117",
"178.62.41.160",
"209.141.56.95",
"38.106.11.42",
"38.106.11.42",
"209.97.152.146",
"185.244.25.192",
"68.183.123.55",
"156.208.233.109",
"58.41.203.54",
"172.104.65.226",
"209.141.35.236",
"38.106.11.42",
"172.104.92.209",
"46.101.199.124",
"216.244.93.66",
"216.244.93.66",
"216.244.93.66",
"216.244.93.66",
"216.244.93.66",
"216.244.93.66",
"216.244.93.66",
"216.244.93.66",
"216.244.93.66",
"216.244.93.66",
"216.244.93.66",
"216.244.93.66",
"216.244.93.66",
"216.244.93.66",
"216.244.93.66",
"216.244.93.66",
"216.244.93.66",
"216.244.93.66",
"216.244.93.66",
"216.244.93.66",
"216.244.93.66",
"216.244.93.66",
"216.244.93.66",
"216.244.93.66",
"216.244.93.66",
"216.244.93.66",
"216.244.93.66",
"216.244.93.66",
"216.244.93.66",
"216.244.93.66",
"216.244.93.66",
"216.244.93.66",
"216.244.93.66",
"216.244.93.66",
"216.244.93.66",
"216.244.93.66",
"216.244.93.66",
"216.244.93.66",
"216.244.93.66",
"216.244.93.66",
"216.244.93.66",
"216.244.93.66",
"216.244.93.66",
"216.244.93.66",
"216.244.93.66",
"216.244.93.66",
"216.244.93.66",
"216.244.93.66",
"216.244.93.66",
"216.244.93.66",
"216.244.93.66",
"216.244.93.66",
"216.244.93.66",
"216.244.93.66",
"216.244.93.66",
"216.244.93.66",
"216.244.93.66",
"216.244.93.66",
"216.244.93.66",
"216.244.93.66",
"216.244.93.66",
"216.244.93.66",
"216.244.93.66",
"216.244.93.66",
"216.244.93.66",
"52.56.153.146",
"223.99.5.118",
"185.244.25.164",
"104.248.216.219",
"185.244.25.164",
"80.211.11.13",
"222.252.16.61",
"222.252.16.61",
"5.188.87.21",
"178.62.41.160",
"138.68.71.163",
"198.108.67.40",
"209.141.35.236",
"188.246.226.45",
"74.82.47.38",
"68.183.123.55",
"176.119.7.50",
"222.252.16.61",
"209.141.56.95",
"185.244.25.164",
"46.101.128.119",
"85.93.20.252",
"46.101.199.124",
"209.141.35.236",
"209.97.152.146",
"185.8.50.73",
"68.183.123.55",
"107.170.219.185",
"185.244.25.164",
"142.93.204.158",
"139.162.106.181",
"35.238.77.5",
"196.52.43.62",
"177.220.188.143",
"185.222.211.222",
"103.78.132.4",
"196.52.43.122",
"209.141.56.95",
"209.141.35.236",
"175.156.98.29",
"46.101.9.8",
"185.244.25.164",
"5.188.87.21",
"142.93.204.158",
"205.185.119.229",
"185.244.25.164",
"204.13.67.236",
"77.72.85.27",
"185.8.50.73",
"138.68.65.19",
"178.62.41.160",
"103.233.80.14",
"103.233.80.14",
"103.233.80.14",
"194.28.115.245",
"103.233.80.14",
"103.233.80.14",
"103.233.80.14",
"208.67.28.17",
"209.141.56.95",
"209.141.35.236",
"185.244.25.164",
"177.220.188.143",
"193.29.13.25",
"131.221.150.59",
"103.233.80.14",
"138.68.71.163",
"176.119.7.62",
"185.244.25.164",
"46.101.199.124",
"178.159.37.102",
"176.119.4.27",
"80.211.11.13",
"81.248.14.137",
"209.141.35.236",
"209.97.152.146",
"185.244.25.164",
"178.62.41.160",
"185.8.50.73",
"138.68.65.19",
"194.28.115.245",
"46.101.208.222",
"142.93.204.158",
"80.211.92.62",
"209.141.35.236",
"68.183.123.55",
"209.141.56.95",
"138.68.71.163",
"185.244.25.164",
"92.53.90.212",
"46.101.9.8",
"188.255.208.202",
"208.100.26.228",
"109.87.185.32",
"177.220.188.143",
"209.97.152.146",
"171.235.244.136",
"167.99.109.74",
"209.141.35.236",
"68.183.123.55",
"5.8.54.27",
"176.119.7.62",
"60.217.72.12",
"185.244.25.164",
"109.87.185.32",
"209.141.56.95",
"110.249.212.46",
"46.101.128.119",
"178.62.33.202",
"178.62.33.202",
"178.62.41.160",
"68.183.123.55",
"177.220.188.143",
"185.143.221.16",
"5.25.13.68",
"185.244.25.164",
"185.8.50.73",
"196.52.43.123",
"185.143.221.22",
"176.119.4.18",
"209.141.35.236",
"107.170.199.226",
"138.68.71.163",
"176.119.7.50",
"138.68.65.19",
"185.244.25.164",
"209.141.56.95",
"205.185.119.229",
"46.101.208.222",
"209.97.152.146",
"104.248.216.219",
"111.62.24.216",
"37.49.231.137",
"209.141.35.236",
"46.101.9.8",
"185.244.25.164",
"177.220.188.143",
"114.238.180.227",
"195.231.10.7",
"178.62.41.160",
"176.119.4.60",
"142.93.204.158",
"46.101.199.124",
"68.183.123.55",
"209.141.56.95",
"185.244.25.164",
"177.220.188.143",
"194.28.115.245",
"177.220.188.143",
"209.141.35.236",
"185.244.25.164",
"177.220.188.143",
"159.65.1.204",
"138.68.71.163",
"138.68.65.19",
"68.183.123.55",
"177.220.188.143",
"163.47.212.245",
"185.8.50.73",
"209.141.35.236",
"209.141.56.95",
"80.211.11.13",
"185.244.25.164",
"196.52.43.131",
"92.53.90.177",
"142.93.204.158",
"185.244.25.164",
"178.62.41.160",
"194.28.115.245",
"80.82.77.33",
"177.220.188.143",
"46.101.208.222",
"60.178.190.104",
"177.220.188.143",
"146.0.75.230",
"188.19.62.43",
"46.101.9.8",
"194.28.115.245",
"73.138.68.118",
"185.244.25.164",
"177.220.188.143",
"185.8.50.73",
"209.141.35.236",
"46.101.199.124",
"177.220.188.143",
"177.220.188.143",
"177.220.188.143",
"61.219.158.13",
"209.141.56.95",
"106.75.84.197",
"5.141.75.111",
"5.141.75.111",
"185.244.25.164",
"205.185.119.229",
"68.183.123.55",
"176.119.4.27",
"61.219.158.13",
"61.219.158.13",
"177.220.188.143",
"61.219.158.13",
"80.211.11.13",
"86.35.252.53",
"23.239.20.53",
"176.119.4.60",
"209.141.35.236",
"209.141.56.95",
"188.166.3.86",
"177.220.188.143",
"46.101.199.124",
"68.183.123.55",
"185.8.50.73",
"109.75.35.166",
"176.119.4.18",
"194.28.115.245",
"201.13.174.10",
"176.119.4.60",
"42.237.25.90",
"138.68.71.163",
"185.244.25.164",
"209.141.56.95",
"188.166.3.86",
"193.29.13.25",
"212.129.26.82",
"45.77.87.235",
"138.68.65.19",
"178.46.13.35",
"5.8.54.27",
"36.85.45.104",
"68.183.123.55",
"176.119.7.62",
"178.62.41.160",
"185.244.25.164",
"80.211.11.13",
"142.93.204.158",
"185.255.31.14",
"209.141.35.236",
"185.244.25.164",
"209.141.56.95",
"188.166.73.243",
"189.142.55.87",
"185.8.50.73",
"82.62.120.120",
"68.183.123.55",
"194.28.115.243",
"138.68.71.163",
"72.177.44.22",
"185.244.25.164",
"209.141.56.95",
"188.166.3.86",
"118.121.81.2",
"139.162.197.24",
"185.244.25.164",
"185.8.50.73",
"209.141.35.236",
"46.101.9.8",
"46.101.9.8",
"154.148.23.128",
"80.211.11.13",
"198.108.67.40",
"185.244.25.164",
"68.183.123.55",
"46.101.128.119",
"176.119.7.62",
"46.101.199.124",
"177.159.21.167",
"178.62.41.160",
"209.141.56.95",
"209.141.35.236",
"212.75.202.182",
"185.244.25.164",
"138.68.65.19",
"68.183.123.55",
"188.166.73.243",
"223.78.75.195",
"178.62.41.160",
"185.8.50.73",
"46.101.199.124",
"209.141.35.236",
"176.119.4.53",
"142.93.204.158",
"138.68.71.163",
"198.108.66.32",
"121.172.43.234",
"185.244.25.164",
"80.211.11.13",
"5.188.206.22",
"209.141.56.95",
"194.28.115.243",
"142.93.204.158",
"46.101.208.222",
"208.100.26.228",
"185.244.25.164",
"68.183.123.55",
"194.28.115.243",
"138.68.65.19",
"185.8.50.73",
"138.68.71.163",
"188.166.3.86",
"209.97.152.146",
"176.119.4.53",
"185.244.25.164",
"209.141.56.95",
"209.141.35.236",
"198.108.67.40",
"46.101.199.124",
"185.244.25.164",
"188.166.3.86",
"68.183.123.55",
"46.101.9.8",
"139.199.183.130",
"80.211.11.13",
"75.148.188.233",
"176.119.4.27",
"188.166.73.243",
"80.211.92.62",
"139.199.183.130",
"139.199.183.130",
"185.244.25.164",
"209.141.35.236",
"185.200.118.76",
"188.166.3.86",
"139.199.183.130",
"35.237.244.91",
"178.62.41.160",
"209.141.56.95",
"185.244.25.164",
"194.28.115.245",
"198.108.67.40",
"31.11.228.66",
"209.141.35.236",
"46.101.9.8",
"142.93.204.158",
"198.108.67.45",
"185.244.25.164",
"138.68.71.163",
"185.255.31.14",
"188.166.3.86",
"68.183.123.55",
"194.28.115.245",
"125.129.217.39",
"209.97.152.146",
"185.8.50.73",
"188.166.3.86",
"209.141.35.236",
"185.244.25.164",
"205.185.119.229",
"104.248.216.219",
"79.106.16.18",
"188.166.73.243",
"185.94.111.1",
"139.162.65.55",
"68.183.123.55",
"209.141.56.95",
"46.101.208.222",
"185.244.25.164",
"176.119.4.27",
"103.30.84.252",
"46.101.128.119",
"46.101.208.222",
"209.141.35.236",
"185.244.25.164",
"138.68.71.163",
"74.82.47.48",
"188.166.3.86",
"137.74.85.137",
"188.166.3.86",
"46.101.199.124",
"185.244.25.164",
"5.8.54.27",
"178.62.41.160",
"139.162.99.58",
"188.166.73.243",
"80.211.11.13",
"209.141.56.95",
"209.141.35.236",
"176.119.7.62",
"68.183.123.55",
"185.8.50.73",
"46.101.199.124",
"185.244.25.164",
"205.185.119.229",
"198.108.67.44",
"142.93.204.158",
"185.8.50.73",
"185.244.25.164",
"103.255.5.249",
"46.101.128.119",
"187.116.82.193",
"138.68.71.163",
"209.141.35.236",
"59.16.15.230",
"46.101.9.8",
"24.143.48.36",
"185.244.25.164",
"194.28.115.245",
"209.141.35.236",
"92.16.119.148",
"188.166.73.243",
"176.119.4.18",
"107.170.217.227",
"194.28.115.245",
"80.211.11.13",
"209.141.56.95",
"115.171.38.229",
"68.183.123.55",
"5.188.206.22",
"188.166.3.86",
"209.97.152.146",
"187.57.116.117",
"178.62.41.160",
"83.209.247.150",
"138.68.65.19",
"176.109.186.246",
"209.141.35.236",
"191.254.102.27",
"194.28.115.245",
"138.68.65.19",
"219.138.49.167",
"171.241.25.204",
"185.244.25.164",
"194.28.115.245",
"185.8.50.73",
"188.166.3.86",
"185.244.25.164",
"46.101.208.222",
"80.211.92.62",
"178.62.41.160",
"209.141.56.95",
"68.183.123.55",
"46.101.9.8",
"209.141.35.236",
"142.93.204.158",
"68.183.123.55",
"46.101.199.124",
"1.190.246.90",
"185.244.25.164",
"80.211.11.13",
"87.204.153.83",
"185.8.50.73",
"188.166.73.243",
"209.141.35.236",
"41.45.249.16",
"188.166.3.86",
"176.119.4.18",
"46.101.128.119",
"209.141.56.95",
"91.126.245.15",
"193.106.29.106",
"185.244.25.164",
"183.64.181.78",
"183.64.181.78",
"188.166.3.86",
"209.97.152.146",
"207.96.1.32",
"178.62.41.160",
"185.244.25.164",
"209.141.35.236",
"176.119.7.62",
"37.79.38.70",
"37.49.231.137",
"80.211.11.13",
"223.17.93.225",
"194.28.115.243",
"138.68.71.163",
"185.244.25.164",
"185.143.221.22",
"142.93.204.158",
"209.141.35.236",
"185.8.50.73",
"209.141.56.95",
"80.211.54.162",
"5.8.54.27",
"46.101.199.124",
"111.37.202.148",
"46.101.9.8",
"46.101.208.222",
"68.183.123.55",
"176.119.4.18",
"209.97.152.146",
"66.240.192.138",
"138.68.65.19",
"104.248.216.219",
"185.244.25.164",
"188.166.3.86",
"142.93.204.158",
"188.166.73.243",
"209.141.35.236",
"209.141.56.95",
"162.243.131.29",
"185.244.25.164",
"205.185.119.229",
"185.8.50.73",
"185.244.25.164",
"209.141.56.95",
"80.211.11.13",
"83.209.255.221",
"138.68.71.163",
"118.70.26.32",
"138.68.65.19",
"46.101.199.124",
"178.62.41.160",
"68.183.123.55",
"185.255.31.14",
"188.166.3.86",
"185.244.25.164",
"176.119.4.18",
"188.166.3.86",
"80.82.77.33",
"184.105.247.251",
"103.114.105.84",
"185.200.118.38",
"142.93.204.158",
"185.244.25.164",
"185.128.40.182",
"185.172.110.206",
"138.68.71.163",
"188.166.3.86",
"188.166.73.243",
"46.101.9.8",
"188.166.3.86",
"68.183.123.55",
"176.119.4.18",
"194.28.115.243",
"80.211.11.13",
"188.166.3.86",
"198.108.67.40",
"46.101.199.124",
"185.244.25.164",
"5.188.206.22",
"209.141.56.95",
"27.14.81.238",
"46.101.208.222",
"178.62.41.160",
"192.99.175.183",
"205.185.119.229",
"46.101.128.119",
"209.97.152.146",
"185.244.25.164",
"51.255.109.174",
"185.8.50.73",
"103.255.5.85",
"138.68.71.163",
"188.166.3.86",
"198.108.67.39",
"46.101.9.8",
"185.244.25.164",
"68.183.123.55",
"164.132.183.193",
"92.53.90.179",
"209.97.152.146",
"66.240.205.34",
"178.62.41.160",
"176.119.7.62",
"188.166.73.243",
"142.93.204.158",
"185.255.31.34",
"80.211.11.13",
"185.142.236.35",
"185.8.50.73",
"138.68.65.19",
"209.141.56.95",
"185.244.25.164",
"46.101.199.124",
"118.160.2.18",
"185.244.25.203",
"107.170.218.242",
"68.183.123.55",
"80.211.92.62",
"176.119.4.27",
"209.141.56.95",
"138.68.71.163",
"185.244.25.164",
"103.70.125.117",
"184.105.247.212",
"138.68.65.19",
"5.188.206.252",
"198.108.67.34",
"185.8.50.73",
"185.244.25.164",
"188.166.3.86",
"46.101.208.222",
"80.211.11.13",
"176.119.4.18",
"188.246.226.45",
"178.62.41.160",
"209.141.56.95",
"46.101.128.119",
"46.101.9.8",
"58.218.66.227",
"185.244.25.164",
"188.166.73.243",
"188.166.3.86",
"94.177.170.32",
"124.176.152.211",
"46.101.199.124",
"68.183.123.55",
"185.244.25.164",
"185.244.25.203",
"104.248.216.219",
"46.201.9.244",
"142.93.204.158",
"138.68.65.19",
"209.141.56.95",
"185.8.50.73",
"185.143.221.22",
"185.244.25.164",
"178.62.41.160",
"185.94.111.1",
"46.101.208.222",
"194.55.142.100",
"71.6.167.142",
"80.211.11.13",
"185.244.25.164",
"205.185.119.229",
"194.28.115.245",
"188.166.3.86",
"194.28.115.243",
"185.244.25.203",
"71.6.146.185",
"89.249.67.51",
"209.141.56.95",
"68.183.123.55",
"27.131.12.102",
"142.93.204.158",
"103.84.143.84",
"188.166.3.86",
"185.244.25.164",
"188.166.73.243",
"172.104.94.253",
"176.119.4.60",
"84.241.145.225",
"110.249.212.46",
"89.248.173.162",
"185.172.110.206",
"185.244.25.164",
"138.68.71.163",
"176.119.7.62",
"116.255.156.205",
"142.93.204.158",
"198.108.67.44",
"68.183.123.55",
"80.211.11.13",
"125.64.94.200",
"77.72.85.8",
"188.166.73.243",
"185.244.25.164",
"209.141.56.95",
"138.68.65.19",
"109.248.9.16",
"107.170.208.141",
"185.244.25.164",
"92.53.90.232",
"111.62.24.216",
"178.47.168.35",
"176.119.4.18",
"185.8.50.73",
"46.101.199.124",
"176.119.4.18",
"68.183.123.55",
"188.166.3.86",
"178.62.41.160",
"194.28.115.243",
"5.188.206.252",
"185.244.25.164",
"209.141.56.95",
"117.3.142.35",
"46.101.9.8",
"185.244.25.203",
"80.211.11.13",
"46.101.128.119",
"185.244.25.164",
"176.119.4.18",
"209.141.56.95",
"46.101.208.222",
"209.97.152.146",
"68.183.123.55",
"188.166.73.243",
"142.93.204.158",
"185.244.25.164",
"178.62.41.160",
"94.65.147.176",
"209.141.56.95",
"188.166.3.86",
"185.244.25.164",
"104.248.216.219",
"188.166.3.86",
"138.68.65.19",
"77.72.85.8",
"92.53.90.181",
"188.166.3.86",
"68.183.123.55",
"185.244.25.203",
"46.101.9.8",
"46.101.199.124",
"188.166.3.86",
"185.244.25.164",
"80.211.11.13",
"80.211.92.62",
"77.72.85.8",
"185.244.25.164",
"123.249.71.239",
"176.119.4.18",
"46.101.9.8",
"5.188.206.22",
"68.183.123.55",
"176.119.4.27",
"176.119.7.62",
"209.141.56.95",
"142.93.204.158",
"46.101.128.119",
"185.244.25.164",
"46.101.208.222",
"209.97.152.146",
"185.143.221.42",
"185.8.50.73",
"185.244.25.164",
"188.166.3.86",
"209.141.56.95",
"178.62.41.160",
"80.211.11.13",
"77.72.85.8",
"68.183.123.55",
"185.56.8.216",
"185.244.25.164",
"142.93.204.158",
"46.101.199.124",
"138.68.71.163",
"191.193.9.162",
"188.166.3.86",
"185.8.50.73",
"68.183.121.98",
"208.100.26.228",
"176.119.4.18",
"62.174.66.240",
"46.101.9.8",
"61.216.152.133",
"209.141.56.95",
"188.166.3.86",
"185.244.25.164",
"138.68.65.19",
"185.244.25.203",
"194.28.115.243",
"51.38.191.178",
"176.119.4.60",
"178.62.41.160",
"205.209.176.245",
"173.212.222.76",
"188.166.73.243",
"68.183.123.55",
"46.101.199.124",
"185.244.25.164",
"138.68.71.163",
"80.211.11.13",
"176.119.7.62",
"68.183.121.98",
"138.68.65.19",
"209.141.56.95",
"185.244.25.164",
"185.255.31.34",
"184.105.247.252",
"68.183.123.55",
"185.8.50.73",
"178.62.41.160",
"185.244.25.164",
"176.119.4.18",
"206.189.154.210",
"58.246.247.194",
"185.200.118.37",
"185.244.25.164",
"91.89.239.151",
"68.183.123.55",
"68.183.121.98",
"185.244.25.164",
"80.211.11.13",
"5.188.206.22",
"185.244.25.203",
"205.185.119.229",
"107.170.217.45",
"88.165.63.5",
"176.119.4.27",
"188.166.73.243",
"167.99.233.235",
"46.101.208.222",
"185.143.221.16",
"185.8.50.73",
"185.244.25.164",
"138.68.71.163",
"209.141.56.95",
"68.183.123.55",
"5.8.54.27",
"46.101.128.119",
"46.101.9.8",
"46.101.199.124",
"125.64.94.197",
"188.166.3.86",
"185.244.25.164",
"104.248.216.219",
"68.183.121.98",
"178.62.41.160",
"172.104.92.209",
"198.108.67.40",
"185.244.25.164",
"46.101.199.124",
"209.141.56.95",
"185.8.50.73",
"203.150.20.198",
"80.211.11.13",
"176.119.4.27",
"68.183.121.98",
"176.119.7.62",
"178.62.90.174",
"138.68.71.163",
"68.183.123.55",
"46.101.9.8",
"185.244.25.164",
"177.239.201.117",
"111.35.159.170",
"209.141.56.95",
"185.8.50.73",
"176.119.4.18",
"46.101.208.222",
"46.101.128.119",
"188.166.73.243",
"179.111.51.51",
"138.68.65.19",
"185.244.25.164",
"178.62.41.160",
"176.119.4.60",
"218.156.38.217",
"92.53.90.212",
"133.186.118.208",
"138.68.71.163",
"80.211.11.13",
"68.183.123.55",
"188.166.3.86",
"177.220.188.143",
"80.211.92.62",
"31.163.132.50",
"46.101.9.8",
"177.220.188.143",
"107.170.210.208",
"185.244.25.164",
"194.28.115.245",
"177.220.188.143",
"177.220.188.143",
"178.62.41.160",
"194.55.142.100",
"209.97.152.146",
"177.220.188.143",
"209.141.56.95",
"185.244.25.164",
"68.183.123.55",
"46.101.199.124",
"46.101.128.119",
"185.244.25.164",
"198.108.67.37",
"185.53.91.40",
"80.211.11.13",
"46.101.9.8",
"194.28.115.245",
"185.244.25.164",
"209.141.35.236",
"185.8.50.73",
"194.28.115.245",
"178.62.41.160",
"185.200.118.83",
"95.104.255.191",
"95.104.255.191",
"177.220.188.143",
"95.104.255.191",
"185.244.25.164",
"5.188.206.22",
"177.220.188.143",
"185.8.50.73",
"46.101.199.124",
"138.68.71.163",
"176.119.7.62",
"209.97.152.146",
"185.255.31.14",
"68.183.123.55",
"142.93.204.158",
"95.104.255.191",
"189.69.250.213",
"194.28.115.245",
"46.101.208.222",
"111.254.33.134",
"185.244.25.164",
"177.220.188.143",
"185.143.221.16",
"176.119.4.18",
"209.141.56.95",
"177.220.188.143",
"138.68.65.19",
"103.255.5.45",
"46.101.9.8",
"177.220.188.143",
"194.28.115.245",
"177.220.188.143",
"185.244.25.164",
"68.183.123.55",
"209.141.35.236",
"77.72.85.27",
"104.248.216.219",
"177.220.188.143",
"138.68.65.19",
"185.244.25.164",
"178.174.254.62",
"142.93.204.158",
"194.28.115.243",
"103.255.5.105",
"185.244.25.164",
"209.141.56.95",
"178.62.41.160",
"185.244.25.164",
"209.141.35.236",
"42.225.87.186",
"185.244.25.164",
"176.119.4.18",
"178.62.41.160",
"185.255.31.14",
"104.248.216.219",
"179.106.101.71",
"209.141.35.236",
"194.28.115.243",
"185.244.25.164",
"92.53.90.182",
"31.192.108.69",
"176.33.73.35",
"185.8.50.73",
"142.93.204.158",
"205.185.119.229",
"61.78.62.222",
"111.73.45.232",
"80.211.92.62",
"46.101.199.124",
"182.33.221.80",
"139.162.113.212",
"37.6.212.63",
"185.255.31.14",
"68.183.123.55",
"142.93.204.158",
"185.244.25.164",
"68.183.123.55",
"209.141.35.236",
"46.101.128.119",
"106.12.109.119",
"46.101.9.8",
"176.119.4.27",
"176.119.4.18",
"177.105.236.72",
"194.28.115.243",
"138.68.65.19",
"185.8.50.73",
"185.244.25.164",
"118.254.100.185",
"209.141.35.236",
"185.172.110.206",
"93.174.93.149",
"185.244.25.164",
"198.108.67.47",
"46.101.208.222",
"146.0.77.66",
"185.255.31.14",
"176.119.4.60",
"185.244.25.164",
"190.199.75.94",
"190.199.75.94",
"111.62.24.216",
"46.101.9.8",
"46.101.9.8",
"185.244.25.164",
"218.103.173.77",
"190.199.75.94",
"138.68.65.19",
"104.248.216.219",
"80.211.92.62",
"209.141.35.236",
"188.246.226.45",
"142.93.204.158",
"138.68.71.163",
"176.119.4.18",
"68.183.123.55",
"176.119.4.18",
"178.62.41.160",
"46.101.199.124",
"185.56.8.216",
"185.244.25.164",
"117.131.215.167",
"92.53.90.212",
"209.141.35.236",
"138.68.65.19",
"46.101.9.8",
"185.8.50.73",
"185.244.25.164",
"80.211.11.13",
"74.82.47.19",
"46.101.199.124",
"144.76.195.110",
"208.100.26.228",
"138.68.71.163",
"185.244.25.164",
"209.141.35.236",
"185.8.50.73",
"223.80.14.231",
"178.62.41.160",
"61.216.152.133",
"113.234.162.238",
"80.82.77.139",
"111.8.89.178",
"68.183.123.55",
"185.255.31.34",
"46.101.9.8",
"209.141.35.236",
"138.68.65.19",
"80.82.77.33",
"68.183.123.55",
"125.64.94.200",
"46.101.208.222",
"96.250.208.90",
"185.244.25.203",
"185.244.25.164",
"94.102.49.190",
"185.8.50.73",
"188.246.226.45",
"209.141.35.236",
"181.10.201.114",
"142.93.204.158",
"138.68.71.163",
"178.62.41.160",
"194.55.142.100",
"46.101.9.8",
"176.119.4.27",
"188.17.168.184",
"185.244.25.164",
"125.64.94.200",
"5.188.87.21",
"176.119.4.18",
"185.255.31.34",
"209.141.35.236",
"185.244.25.164",
"68.183.123.55",
"185.244.25.164",
"177.54.135.162",
"80.211.11.13",
"209.141.35.236",
"176.119.7.62",
"138.68.71.163",
"188.56.195.31",
"125.64.94.200",
"185.244.25.164",
"185.244.25.203",
"46.101.199.124",
"185.8.50.73",
"185.244.25.164",
"176.119.7.50",
"112.237.158.229",
"176.119.4.18",
"104.228.76.24",
"107.170.219.40",
"142.93.204.158",
"185.8.50.73",
"222.186.31.167",
"185.244.25.164",
"111.35.166.254",
"46.101.9.8",
"83.253.193.144",
"46.101.128.119",
"178.62.41.160",
"80.211.11.13",
"92.53.90.232",
"183.90.112.116",
"209.141.35.236",
"185.244.25.164",
"46.101.208.222",
"68.183.123.55",
"138.68.65.19",
"1.212.122.108",
"138.68.71.163",
"104.248.216.219",
"89.35.39.78",
"185.244.25.164",
"185.8.50.73",
"194.55.142.100",
"185.244.25.203",
"125.64.94.200",
"184.105.139.94",
"185.244.25.164",
"46.101.9.8",
"80.211.8.19",
"68.183.123.55",
"142.93.204.158",
"60.189.187.245",
"178.62.41.160",
"46.101.199.124",
"206.189.21.183",
"209.141.35.236",
"185.244.25.164",
"80.211.11.13",
"138.68.65.19",
"46.101.128.119",
"46.101.208.222",
"194.55.142.100",
"138.68.71.163",
"142.93.204.158",
"68.183.123.55",
"185.244.25.164",
"209.141.35.236",
"193.29.13.25",
"222.186.15.128",
"185.244.25.164",
"42.200.193.152",
"77.37.244.182",
"205.185.119.229",
"185.8.50.73",
"178.62.41.160",
"185.244.25.164",
"189.90.198.219",
"209.141.35.236",
"139.162.115.7",
"176.119.4.27",
"80.211.11.13",
"46.101.9.8",
"185.244.25.164",
"185.8.50.73",
"209.141.35.236",
"107.170.212.162",
"178.62.41.160",
"185.244.25.203",
"176.119.4.18",
"185.244.25.164",
"46.101.9.8",
"103.114.107.106",
"71.6.146.186",
"185.255.31.14",
"80.13.107.111",
"142.93.204.158",
"185.244.25.164",
"194.28.115.243",
"185.8.50.73",
"209.141.35.236",
"5.27.213.145",
"176.119.4.27",
"46.101.128.119",
"80.211.11.13",
"193.106.29.106",
"185.244.25.164",
"109.160.179.188",
"209.141.35.236",
"185.244.25.164",
"198.108.67.34",
"201.93.32.84",
"142.93.91.67",
"198.108.67.32",
"138.68.71.163",
"198.108.67.40",
"185.244.25.164",
"46.101.199.124",
"185.56.8.178",
"46.101.208.222",
"142.93.204.158",
"209.141.35.236",
"68.183.123.55",
"178.62.41.160",
"185.244.25.164",
"138.68.71.163",
"104.248.216.219",
"138.68.65.19",
"185.244.25.203",
"176.119.4.60",
"80.211.11.13",
"185.244.25.164",
"209.141.35.236",
"46.101.9.8",
"185.8.50.73",
"68.183.123.55",
"46.101.199.124",
"185.8.50.73",
"79.106.98.121",
"198.108.67.36",
"5.187.129.89",
"185.244.25.164",
"184.105.139.118",
"198.108.66.48",
"103.255.5.26",
"208.100.26.228",
"209.141.35.236",
"205.185.119.229",
"89.248.167.131",
"185.172.110.206",
"185.244.25.164",
"178.62.41.160",
"93.179.68.40",
"68.183.123.55",
"142.93.204.158",
"46.101.9.8",
"185.244.25.164",
"107.170.219.97",
"138.68.71.163",
"46.101.128.119",
"209.141.35.236",
"176.119.7.62",
"185.244.25.164",
"138.68.65.19",
"77.121.50.254",
"185.255.31.14",
"123.12.178.236",
"108.160.140.89",
"91.89.239.151",
"185.8.50.73",
"185.244.25.164",
"209.141.35.236",
"188.246.226.45",
"176.119.4.27",
"176.119.4.56",
"211.23.167.241",
"46.101.208.222",
"178.62.41.160",
"68.183.123.55",
"185.244.25.164",
"46.101.199.124",
"209.141.35.236",
"80.211.11.13",
"185.8.50.73",
"68.183.123.55",
"46.101.9.8",
"185.244.25.164",
"138.68.71.163",
"80.211.92.62",
"142.93.204.158",
"178.62.41.160",
"185.244.25.164",
"185.128.40.182",
"209.141.35.236",
"103.255.4.3",
"68.183.121.98",
"46.101.208.222",
"110.249.212.46",
"94.207.28.160",
"194.28.115.243",
"185.244.25.164",
"185.143.221.24",
"46.101.199.124",
"138.68.65.19",
"68.183.123.55",
"185.255.31.34",
"185.8.50.73",
"83.170.228.150",
"185.244.25.164",
"176.119.4.53",
"80.211.11.13",
"119.18.1.246",
"138.68.71.163",
"178.62.41.160",
"61.95.186.57",
"185.244.25.164",
"46.101.128.119",
"209.141.35.236",
"68.183.123.55",
"176.119.7.62",
"185.244.25.164",
"103.255.4.48",
"46.101.9.8",
"209.141.35.236",
"205.185.119.229",
"185.244.25.164",
"197.41.173.10",
"42.200.173.109",
"107.170.218.138",
"194.28.115.243",
"5.8.54.27",
"80.211.11.13",
"185.8.50.73",
"176.119.7.50",
"138.68.71.163",
"142.93.204.158",
"176.119.4.56",
"185.244.25.164",
"138.68.65.19",
"117.242.186.170",
"209.141.35.236",
"176.119.7.62",
"80.82.77.139",
"46.101.9.8",
"194.55.142.100",
"104.248.216.219",
"109.248.9.12",
"185.8.50.73",
"178.62.41.160",
"118.232.148.10",
"185.255.31.14",
"176.119.4.27",
"155.133.41.105",
"194.28.115.245",
"185.244.25.164",
"46.101.208.222",
"209.141.35.236",
"138.68.71.163",
"188.246.226.45",
"185.244.25.164",
"37.146.171.69",
"46.146.101.42",
"41.230.26.115",
"68.183.123.55",
"77.72.85.8",
"178.62.41.160",
"209.141.35.236",
"185.244.25.164",
"194.28.115.243",
"37.79.33.190",
"5.188.206.22",
"68.183.123.55",
"176.119.4.60",
"89.248.167.131",
"89.248.167.131",
"89.248.167.131",
"24.107.179.123",
"185.244.25.164",
"188.19.167.51",
"5.188.206.22",
"209.141.35.236",
"194.28.115.243",
"185.163.92.113",
"185.244.25.164",
"185.8.50.73",
"125.64.94.200",
"185.56.8.216",
"176.119.7.50",
"103.255.4.67",
"138.68.71.163",
"80.211.11.13",
"185.244.25.164",
"203.218.16.167",
"142.93.204.158",
"68.183.123.55",
"176.119.4.53",
"176.114.9.16",
"176.114.9.16",
"176.114.9.16",
"46.101.128.119",
"138.68.65.19",
"185.244.25.164",
"80.211.254.249",
"176.119.7.50",
"176.114.9.16",
"209.141.35.236",
"176.119.4.56",
"46.101.208.222",
"185.8.50.73",
"80.211.92.62",
"185.244.25.164",
"178.62.41.160",
"68.183.123.55",
"107.170.218.243",
"104.61.61.66",
"80.211.11.13",
"181.122.193.127",
"46.101.199.124",
"185.244.25.164",
"194.28.115.245",
"89.248.172.16",
"138.68.71.163",
"209.141.35.236",
"89.40.126.122",
"198.108.67.47",
"205.185.119.229",
"105.228.57.185",
"185.244.25.164",
"125.64.94.200",
"209.141.35.236",
"185.255.31.14",
"185.244.25.164",
"188.19.55.86",
"184.105.247.238",
"178.62.41.160",
"138.68.71.163",
"68.183.123.55",
"185.8.50.73",
"194.28.115.245",
"216.100.193.99",
"46.101.208.222",
"185.244.25.164",
"5.39.222.122",
"138.68.65.19",
"208.100.26.228",
"46.101.9.8",
"46.101.9.8",
"209.141.35.236",
"176.119.4.27",
"80.211.11.13",
"68.183.123.55",
"185.244.25.164",
"46.101.199.124",
"185.8.50.73",
"128.199.42.7",
"209.141.35.236",
"80.13.126.55",
"194.28.115.243",
"185.244.25.164",
"138.68.65.19",
"62.103.236.89",
"46.101.199.124",
"80.13.126.55",
"80.13.126.55",
"198.108.66.145",
"80.13.126.55",
"185.244.25.164",
"159.89.103.106",
"46.101.128.119",
"61.41.17.13",
"80.211.11.13",
"185.244.25.164",
"185.255.31.14",
"209.141.35.236",
"176.119.7.62",
"142.93.204.158",
"68.183.123.55",
"46.101.9.8",
"205.185.119.229",
"103.255.5.116",
"178.153.164.228",
"178.62.41.160",
"185.244.25.164",
"185.8.50.73",
"209.141.35.236",
"68.183.123.55",
"138.68.71.163",
"107.170.218.48",
"185.255.31.34",
"185.244.25.164",
"188.246.226.45",
"123.110.36.142",
"165.227.148.86",
"46.101.9.8",
"142.93.204.158",
"185.244.25.164",
"209.141.35.236",
"80.211.11.13",
"74.82.47.2",
"138.68.71.163",
"87.20.253.119",
"194.28.115.243",
"176.119.4.60",
"46.35.207.120",
"31.162.189.253",
"46.101.208.222",
"46.161.27.8",
"46.161.27.8",
"185.222.211.222",
"159.89.103.106",
"185.244.25.164",
"185.8.50.73",
"109.248.9.12",
"176.119.7.62",
"172.104.105.194",
"68.183.123.55",
"209.141.35.236",
"185.244.25.164",
"45.56.107.219",
"45.56.107.219",
"45.56.107.219",
"178.62.41.160",
"142.93.204.158",
"94.177.170.32",
"185.244.25.164",
"176.119.4.18",
"209.141.35.236",
"80.211.11.13",
"138.68.65.19",
"185.244.25.164",
"46.101.208.222",
"185.8.50.73",
"209.141.35.236",
"202.109.143.110",
"185.244.25.164",
"176.119.4.18",
"178.62.41.160",
"138.68.71.163",
"68.183.123.55",
"185.244.25.164",
"209.141.35.236",
"46.101.199.124",
"46.101.128.119",
"185.8.50.73",
"80.211.92.62",
"46.101.9.8",
"176.119.4.27",
"209.141.35.236",
"176.119.7.62",
"142.93.204.158",
"138.68.71.163",
"194.28.115.245",
"205.185.119.229",
"46.101.9.8",
"185.244.25.164",
"46.101.199.124",
"104.248.216.219",
"138.68.65.19",
"209.141.35.236",
"185.8.50.73",
"107.170.212.151",
"131.196.56.37",
"139.159.47.22",
"178.62.41.160",
"159.89.103.106",
"139.159.47.22",
"80.211.11.13",
"139.159.47.22",
"185.244.25.164",
"176.119.1.206",
"209.141.35.236",
"185.8.50.73",
"68.183.123.55",
"222.136.151.59",
"46.101.199.124",
"159.89.103.106",
"68.183.123.55",
"185.244.25.164",
"138.68.71.163",
"209.141.35.236",
"52.226.20.222",
"185.244.25.164",
"5.188.206.22",
"138.68.71.163",
"94.51.114.118",
"123.144.26.52",
"185.244.25.164",
"142.93.204.158",
"209.141.35.236",
"194.28.115.243",
"80.211.11.13",
"68.183.123.55",
"185.244.25.164",
"46.101.9.8",
"185.8.50.73",
"74.82.47.58",
"138.68.65.19",
"142.93.204.158",
"103.255.4.5",
"185.244.25.164",
"176.119.4.18",
"178.62.41.160",
"209.141.35.236",
"46.101.199.124",
"185.255.31.34",
"205.185.119.229",
"122.102.28.44",
"68.183.123.55",
"176.119.4.18",
"185.244.25.164",
"5.39.216.155",
"209.141.56.95",
"176.119.4.18",
"80.211.11.13",
"159.148.186.184",
"46.101.9.8",
"138.68.65.19",
"185.8.50.73",
"176.119.7.62",
"194.28.115.243",
"185.244.25.164",
"209.141.35.236",
"46.101.128.119",
"220.231.200.32",
"220.231.200.32",
"220.231.200.32",
"220.231.200.32",
"220.231.200.32",
"220.231.200.32",
"107.170.218.225",
"220.231.200.32",
"220.231.200.32",
"198.108.67.39",
"220.231.200.32",
"220.231.200.32",
"220.231.200.32",
"220.231.200.32",
"220.231.200.32",
"74.82.47.40",
"46.101.208.222",
"220.231.200.32",
"220.231.200.32",
"220.231.200.32",
"220.231.200.32",
"187.94.45.66",
"220.231.200.32",
"220.231.200.32",
"185.244.25.164",
"220.231.200.32",
"220.231.200.32",
"220.231.200.32",
"220.231.200.32",
"220.231.200.32",
"220.231.200.32",
"220.231.200.32",
"220.231.200.32",
"220.231.200.32",
"220.231.200.32",
"185.8.50.73",
"220.231.200.32",
"220.231.200.32",
"220.231.200.32",
"220.231.200.32",
"208.100.26.228",
"220.231.200.32",
"220.231.200.32",
"220.231.200.32",
"220.231.200.32",
"220.231.200.32",
"220.231.200.32",
"209.141.35.236",
"220.231.200.32",
"5.188.10.241",
"220.231.200.32",
"220.231.200.32",
"220.231.200.32",
"220.231.200.32",
"220.231.200.32",
"220.231.200.32",
"220.231.200.32",
"220.231.200.32",
"220.231.200.32",
"220.231.200.32",
"220.231.200.32",
"220.231.200.32",
"220.231.200.32",
"220.231.200.32",
"220.231.200.32",
"220.231.200.32",
"68.183.123.55",
"189.127.244.209",
"220.231.200.32",
"220.231.200.32",
"220.231.200.32",
"220.231.200.32",
"220.231.200.32",
"185.244.25.164",
"176.119.4.27",
"220.231.200.32",
"220.231.200.32",
"220.231.200.32",
"220.231.200.32",
"46.101.9.8",
"220.231.200.32",
"142.93.204.158",
"220.231.200.32",
"220.231.200.32",
"220.231.200.32",
"177.184.177.164",
"220.231.200.32",
"68.183.123.55",
"220.231.200.32",
"220.231.200.32",
"178.62.41.160",
"220.231.200.32",
"176.119.4.56",
"185.244.25.164",
"209.141.56.95",
"46.101.199.124",
"114.35.182.220",
"80.211.11.13",
"104.248.216.219",
"209.141.35.236",
"68.183.123.55",
"46.101.208.222",
"185.244.25.164",
"185.8.50.73",
"51.39.10.1",
"209.141.35.236",
"80.211.92.62",
"46.101.9.8",
"193.77.237.156",
"138.68.71.163",
"178.62.41.160",
"209.141.56.95",
"185.244.25.164",
"59.98.248.162",
"194.28.115.245",
"46.101.199.124",
"176.119.4.18",
"206.189.111.108",
"188.236.88.92",
"209.141.35.236",
"68.183.123.55",
"185.244.25.164",
"128.201.128.18",
"138.68.65.19",
"185.244.25.164",
"178.62.41.160",
"61.216.152.133",
"177.102.223.58",
"209.141.56.95",
"209.141.35.236",
"142.93.204.158",
"138.68.71.163",
"46.101.128.119",
"185.244.25.164",
"185.8.50.73",
"68.183.123.55",
"138.68.65.19",
"185.244.25.164",
"62.232.173.115",
"176.119.4.18",
"209.141.35.236",
"185.200.118.82",
"85.93.20.252",
"80.211.11.13",
"178.62.41.160",
"185.244.25.164",
"194.55.142.100",
"209.141.56.95",
"46.101.128.119",
"188.166.3.86",
"46.101.208.222",
"185.8.50.73",
"125.75.140.167",
"92.53.90.177",
"138.68.71.163",
"194.28.115.245",
"209.141.56.95",
"23.94.182.208",
"185.244.25.164",
"68.183.123.55",
"176.119.4.18",
"46.101.199.124",
"209.141.35.236",
"80.211.254.249",
"176.119.4.60",
"73.61.115.60",
"79.108.184.241",
"188.166.3.86",
"5.8.54.27",
"185.244.25.164",
"80.211.11.13",
"185.8.50.73",
"138.68.71.163",
"185.244.25.164",
"46.101.208.222",
"185.8.50.73",
"144.76.195.110",
"178.62.41.160",
"198.108.67.41",
"185.244.25.164",
"194.28.115.243",
"138.68.65.19",
"91.126.245.15",
"68.183.123.55",
"209.141.35.236",
"221.2.156.42",
"209.141.56.95",
"142.93.204.158",
"46.101.9.8",
"185.255.31.14",
"188.166.3.86",
"185.244.25.164",
"46.101.199.124",
"138.68.71.163",
"92.53.90.177",
"92.53.90.191",
"80.211.11.13",
"209.141.35.236",
"104.248.216.219",
"185.8.50.73",
"185.244.25.164",
"223.71.153.188",
"209.141.56.95",
"209.141.35.236",
"92.53.90.177",
"68.183.123.55",
"46.101.128.119",
"176.119.4.53",
"176.119.4.60",
"185.244.25.164",
"188.166.3.86",
"31.184.195.108",
"107.170.196.202",
"195.154.30.37",
"185.222.211.222",
"185.244.25.164",
"194.28.115.243",
"46.101.9.8",
"46.101.208.222",
"80.211.11.13",
"209.141.35.236",
"209.141.56.95",
"142.93.204.158",
"118.10.253.29",
"68.183.123.55",
"111.62.24.216",
"185.244.25.164",
"167.99.233.235",
"209.141.56.95",
"167.99.233.235",
"172.104.125.180",
"169.61.76.42",
"169.61.76.42",
"185.172.110.206",
"185.244.25.164",
"183.82.0.22",
"209.141.56.95",
"198.108.67.38",
"178.73.215.171",
"178.62.41.160",
"45.64.116.51",
"185.244.25.164",
"194.28.115.245",
"68.183.121.98",
"37.79.104.150",
"46.101.9.8",
"184.105.139.122",
"222.186.169.217",
"185.244.25.164",
"46.101.199.124",
"80.211.11.13",
"209.141.56.95",
"176.119.4.18",
"188.166.3.86",
"188.166.73.243",
"185.8.50.73",
"176.119.7.62",
"147.135.8.209",
"195.231.10.125",
"93.56.36.84",
"46.101.199.124",
"80.211.92.62",
"185.244.25.164",
"178.46.72.101",
"138.68.65.19",
"46.101.208.222",
"185.143.223.53",
"68.183.123.55",
"205.185.119.229",
"185.244.25.164",
"68.183.121.98",
"102.98.51.15",
"209.141.56.95",
"138.68.71.163",
"68.183.123.55",
"46.101.9.8",
"178.62.41.160",
"185.244.25.164",
"185.8.50.73",
"51.75.91.80",
"173.212.222.76",
"188.166.73.243",
"80.211.11.13",
"188.166.3.86",
"191.193.236.39",
"185.244.25.164",
"176.119.4.18",
"138.68.71.163",
"209.141.56.95",
"185.244.25.164",
"45.250.231.30",
"198.108.67.32",
"198.108.67.42",
"68.183.123.55",
"85.191.68.61",
"178.62.41.160",
"185.244.25.164",
"46.101.9.8",
"211.103.3.167",
"104.248.216.219",
"209.141.56.95",
"185.244.25.164",
"46.101.208.222",
"185.8.50.73",
"80.211.11.13",
"138.68.65.19",
"103.208.78.53",
"46.101.199.124",
"188.166.73.243",
"185.244.25.164",
"176.119.4.27",
"185.8.50.73",
"46.101.9.8",
"68.183.123.55",
"107.170.215.244",
"138.68.71.163",
"185.244.25.164",
"62.210.103.182",
"162.243.38.99",
"209.141.56.95",
"177.189.154.130",
"176.119.4.60",
"46.101.199.124",
"208.100.26.228",
"68.183.123.55",
"185.244.25.164",
"80.211.11.13",
"185.244.25.164",
"185.165.169.146",
"185.153.198.222",
"187.95.173.34",
"176.119.7.62",
"178.62.41.160",
"176.119.4.56",
"209.141.56.95",
"198.108.67.37",
"185.244.25.164",
"176.119.4.60",
"188.166.73.243",
"194.28.115.245",
"194.28.115.243",
"46.101.208.222",
"46.101.128.119",
"188.166.3.86",
"185.244.25.164",
"209.141.56.95",
"185.94.111.1",
"138.68.71.163",
"1.162.106.116",
"60.191.38.77",
"80.211.11.13",
"37.79.119.126",
"112.5.243.36",
"46.101.199.124",
"178.62.41.160",
"103.212.90.186",
"138.68.65.19",
"220.134.152.61",
"203.24.188.102",
"185.244.25.164",
"89.248.167.131",
"185.255.31.34",
"209.141.56.95",
"138.68.71.163",
"46.101.9.8",
"185.244.25.164",
"46.101.9.8",
"109.248.9.12",
"176.119.7.62",
"209.141.56.95",
"115.150.82.223",
"46.101.128.119",
"80.211.11.13",
"46.101.199.124",
"185.244.25.164",
"185.8.50.73",
"188.166.3.86",
"61.171.230.47",
"46.101.208.222",
"138.68.65.19",
"80.211.92.62",
"185.255.31.14",
"71.6.165.200",
"185.244.25.164",
"124.170.161.193",
"107.170.217.221",
"188.166.3.86",
"209.141.56.95",
"176.119.4.27",
"178.62.41.160",
"185.244.25.164",
"198.108.67.42",
"104.248.216.219",
"194.28.115.245",
"185.244.25.164",
"92.53.90.191",
"194.28.115.243",
"80.211.11.13",
"185.153.198.222",
"188.166.3.86",
"46.101.9.8",
"185.8.50.73",
"156.198.110.121",
"185.244.25.164",
"138.68.71.163",
"46.101.9.8",
"209.141.56.95",
"185.44.230.178",
"218.166.203.253",
"185.244.25.164",
"46.101.199.124",
"103.78.132.4",
"90.151.82.73",
"138.68.65.19",
"37.210.161.92",
"185.244.25.164",
"80.211.11.13",
"178.62.41.160",
"185.8.50.73",
"209.141.56.95",
"188.166.3.86",
"138.68.71.163",
"182.18.171.245",
"46.101.208.222",
"182.18.171.245",
"176.119.4.27",
"185.8.50.73",
"185.244.25.164",
"205.185.119.229",
"209.141.56.95",
"176.119.4.18",
"46.101.199.124",
"176.119.4.60",
"46.101.128.119",
"124.195.199.208",
"185.244.25.164",
"194.28.115.245",
"176.113.57.138",
"5.141.64.193",
"194.28.115.243",
"209.141.35.236",
"46.101.208.222",
"185.244.25.164",
"37.191.222.195",
"176.119.7.62",
"80.211.11.13",
"209.141.56.95",
"185.244.25.164",
"188.166.3.86",
"188.168.20.232",
"209.141.35.236",
"190.147.177.72",
"201.69.122.241",
"138.68.71.163",
"185.244.25.164",
"185.8.50.73",
"60.191.38.77",
"178.62.41.160",
"176.119.4.18",
"185.244.25.164",
"209.141.35.236",
"188.166.3.86",
"80.211.92.62",
"188.166.3.86",
"209.141.56.95",
"205.185.119.229",
"80.211.11.13",
"176.113.57.138",
"138.68.71.163",
"46.101.199.124",
"185.8.50.73",
"209.141.35.236",
"46.101.208.222",
"185.244.25.164",
"188.166.3.86",
"209.141.56.95",
"197.38.32.120",
"46.101.9.8",
"46.101.9.8",
"185.244.25.164",
"46.101.199.124",
"194.28.115.245",
"125.64.94.200",
"178.62.41.160",
"46.101.128.119",
"176.119.7.62",
"5.188.206.254",
"176.119.4.27",
"194.28.115.245",
"104.248.216.219",
"209.141.35.236",
"98.220.143.249",
"125.212.217.214",
"188.166.3.86",
"185.244.25.164",
"209.141.56.95",
"80.211.11.13",
"138.68.71.163",
"5.8.54.27",
"125.64.94.197",
"31.162.189.154",
"138.68.65.19",
"14.162.147.139",
"208.100.26.228",
"188.166.3.86",
"14.162.147.139",
"14.162.147.139",
"185.8.50.73",
"5.188.206.22",
"176.119.4.56",
"178.62.41.160",
"110.201.103.125",
"178.245.186.135",
"188.166.3.86",
"101.22.131.91",
"35.239.84.63",
"35.239.84.63",
"35.239.84.63",
"35.239.84.63",
"35.239.84.63",
"35.239.84.63",
"35.239.84.63",
"35.239.84.63",
"35.239.84.63",
"35.239.84.63",
"35.239.84.63",
"35.239.84.63",
"35.239.84.63",
"35.239.84.63",
"35.239.84.63",
"35.239.84.63",
"35.239.84.63",
"35.239.84.63",
"35.239.84.63",
"35.239.84.63",
"35.239.84.63",
"35.239.84.63",
"35.239.84.63",
"35.239.84.63",
"35.239.84.63",
"35.239.84.63",
"35.239.84.63",
"35.239.84.63",
"35.239.84.63",
"35.239.84.63",
"35.239.84.63",
"35.239.84.63",
"35.239.84.63",
"35.239.84.63",
"35.239.84.63",
"35.239.84.63",
"35.239.84.63",
"35.239.84.63",
"35.239.84.63",
"35.239.84.63",
"35.239.84.63",
"35.239.84.63",
"35.239.84.63",
"35.239.84.63",
"35.239.84.63",
"35.239.84.63",
"35.239.84.63",
"35.239.84.63",
"35.239.84.63",
"35.239.84.63",
"35.239.84.63",
"35.239.84.63",
"35.239.84.63",
"35.239.84.63",
"35.239.84.63",
"35.239.84.63",
"35.239.84.63",
"35.239.84.63",
"35.239.84.63",
"35.239.84.63",
"35.239.84.63",
"35.239.84.63",
"35.239.84.63",
"35.239.84.63",
"35.239.84.63",
"35.239.84.63",
"35.239.84.63",
"35.239.84.63",
"35.239.84.63",
"35.239.84.63",
"35.239.84.63",
"35.239.84.63",
"35.239.84.63",
"35.239.84.63",
"35.239.84.63",
"35.239.84.63",
"35.239.84.63",
"35.239.84.63",
"35.239.84.63",
"35.239.84.63",
"35.239.84.63",
"35.239.84.63",
"35.239.84.63",
"35.239.84.63",
"35.239.84.63",
"35.239.84.63",
"35.239.84.63",
"35.239.84.63",
"35.239.84.63",
"35.239.84.63",
"35.239.84.63",
"35.239.84.63",
"35.239.84.63",
"35.239.84.63",
"35.239.84.63",
"35.239.84.63",
"35.239.84.63",
"35.239.84.63",
"35.239.84.63",
"35.239.84.63",
"35.239.84.63",
"35.239.84.63",
"35.239.84.63",
"35.239.84.63",
"35.239.84.63",
"35.239.84.63",
"35.239.84.63",
"35.239.84.63",
"35.239.84.63",
"35.239.84.63",
"35.239.84.63",
"35.239.84.63",
"35.239.84.63",
"35.239.84.63",
"35.239.84.63",
"35.239.84.63",
"35.239.84.63",
"35.239.84.63",
"35.239.84.63",
"35.239.84.63",
"35.239.84.63",
"35.239.84.63",
"35.239.84.63",
"35.239.84.63",
"35.239.84.63",
"35.239.84.63",
"35.239.84.63",
"35.239.84.63",
"35.239.84.63",
"35.239.84.63",
"35.239.84.63",
"35.239.84.63",
"35.239.84.63",
"35.239.84.63",
"35.239.84.63",
"35.239.84.63",
"35.239.84.63",
"35.239.84.63",
"35.239.84.63",
"35.239.84.63",
"35.239.84.63",
"35.239.84.63",
"35.239.84.63",
"35.239.84.63",
"35.239.84.63",
"35.239.84.63",
"35.239.84.63",
"35.239.84.63",
"35.239.84.63",
"35.239.84.63",
"35.239.84.63",
"35.239.84.63",
"35.239.84.63",
"35.239.84.63",
"35.239.84.63",
"35.239.84.63",
"35.239.84.63",
"35.239.84.63",
"35.239.84.63",
"35.239.84.63",
"35.239.84.63",
"35.239.84.63",
"35.239.84.63",
"35.239.84.63",
"35.239.84.63",
"35.239.84.63",
"35.239.84.63",
"35.239.84.63",
"35.239.84.63",
"35.239.84.63",
"35.239.84.63",
"35.239.84.63",
"35.239.84.63",
"35.239.84.63",
"35.239.84.63",
"35.239.84.63",
"35.239.84.63",
"35.239.84.63",
"35.239.84.63",
"35.239.84.63",
"35.239.84.63",
"35.239.84.63",
"35.239.84.63",
"35.239.84.63",
"35.239.84.63",
"35.239.84.63",
"35.239.84.63",
"35.239.84.63",
"35.239.84.63",
"35.239.84.63",
"35.239.84.63",
"35.239.84.63",
"35.239.84.63",
"35.239.84.63",
"35.239.84.63",
"35.239.84.63",
"35.239.84.63",
"35.239.84.63",
"35.239.84.63",
"35.239.84.63",
"35.239.84.63",
"35.239.84.63",
"35.239.84.63",
"35.239.84.63",
"35.239.84.63",
"35.239.84.63",
"35.239.84.63",
"35.239.84.63",
"35.239.84.63",
"35.239.84.63",
"35.239.84.63",
"35.239.84.63",
"35.239.84.63",
"35.239.84.63",
"35.239.84.63",
"35.239.84.63",
"35.239.84.63",
"35.239.84.63",
"35.239.84.63",
"35.239.84.63",
"35.239.84.63",
"35.239.84.63",
"35.239.84.63",
"35.239.84.63",
"35.239.84.63",
"35.239.84.63",
"35.239.84.63",
"35.239.84.63",
"35.239.84.63",
"35.239.84.63",
"35.239.84.63",
"35.239.84.63",
"35.239.84.63",
"35.239.84.63",
"35.239.84.63",
"35.239.84.63",
"35.239.84.63",
"35.239.84.63",
"35.239.84.63",
"35.239.84.63",
"35.239.84.63",
"35.239.84.63",
"35.239.84.63",
"35.239.84.63",
"35.239.84.63",
"35.239.84.63",
"35.239.84.63",
"35.239.84.63",
"35.239.84.63",
"35.239.84.63",
"35.239.84.63",
"35.239.84.63",
"35.239.84.63",
"35.239.84.63",
"35.239.84.63",
"35.239.84.63",
"35.239.84.63",
"35.239.84.63",
"35.239.84.63",
"35.239.84.63",
"35.239.84.63",
"35.239.84.63",
"35.239.84.63",
"35.239.84.63",
"35.239.84.63",
"35.239.84.63",
"35.239.84.63",
"35.239.84.63",
"35.239.84.63",
"35.239.84.63",
"35.239.84.63",
"35.239.84.63",
"35.239.84.63",
"35.239.84.63",
"35.239.84.63",
"35.239.84.63",
"35.239.84.63",
"35.239.84.63",
"35.239.84.63",
"35.239.84.63",
"35.239.84.63",
"35.239.84.63",
"35.239.84.63",
"35.239.84.63",
"35.239.84.63",
"35.239.84.63",
"35.239.84.63",
"35.239.84.63",
"35.239.84.63",
"35.239.84.63",
"35.239.84.63",
"35.239.84.63",
"35.239.84.63",
"35.239.84.63",
"35.239.84.63",
"35.239.84.63",
"35.239.84.63",
"35.239.84.63",
"35.239.84.63",
"35.239.84.63",
"35.239.84.63",
"35.239.84.63",
"35.239.84.63",
"35.239.84.63",
"35.239.84.63",
"35.239.84.63",
"35.239.84.63",
"35.239.84.63",
"35.239.84.63",
"35.239.84.63",
"35.239.84.63",
"35.239.84.63",
"35.239.84.63",
"35.239.84.63",
"35.239.84.63",
"35.239.84.63",
"35.239.84.63",
"35.239.84.63",
"35.239.84.63",
"35.239.84.63",
"35.239.84.63",
"35.239.84.63",
"35.239.84.63",
"35.239.84.63",
"35.239.84.63",
"35.239.84.63",
"35.239.84.63",
"35.239.84.63",
"35.239.84.63",
"35.239.84.63",
"35.239.84.63",
"35.239.84.63",
"35.239.84.63",
"35.239.84.63",
"35.239.84.63",
"35.239.84.63",
"35.239.84.63",
"35.239.84.63",
"35.239.84.63",
"35.239.84.63",
"35.239.84.63",
"35.239.84.63",
"35.239.84.63",
"35.239.84.63",
"35.239.84.63",
"35.239.84.63",
"35.239.84.63",
"35.239.84.63",
"35.239.84.63",
"35.239.84.63",
"35.239.84.63",
"35.239.84.63",
"35.239.84.63",
"35.239.84.63",
"35.239.84.63",
"35.239.84.63",
"35.239.84.63",
"35.239.84.63",
"35.239.84.63",
"35.239.84.63",
"35.239.84.63",
"35.239.84.63",
"35.239.84.63",
"35.239.84.63",
"35.239.84.63",
"35.239.84.63",
"35.239.84.63",
"35.239.84.63",
"35.239.84.63",
"35.239.84.63",
"35.239.84.63",
"35.239.84.63",
"35.239.84.63",
"35.239.84.63",
"35.239.84.63",
"35.239.84.63",
"35.239.84.63",
"35.239.84.63",
"35.239.84.63",
"35.239.84.63",
"35.239.84.63",
"35.239.84.63",
"35.239.84.63",
"35.239.84.63",
"35.239.84.63",
"35.239.84.63",
"35.239.84.63",
"35.239.84.63",
"35.239.84.63",
"35.239.84.63",
"35.239.84.63",
"35.239.84.63",
"35.239.84.63",
"35.239.84.63",
"35.239.84.63",
"35.239.84.63",
"35.239.84.63",
"35.239.84.63",
"35.239.84.63",
"35.239.84.63",
"35.239.84.63",
"35.239.84.63",
"35.239.84.63",
"35.239.84.63",
"35.239.84.63",
"35.239.84.63",
"35.239.84.63",
"35.239.84.63",
"35.239.84.63",
"185.244.25.164",
"209.141.56.95",
"194.55.142.100",
"103.242.46.135",
"209.141.35.236",
"209.141.35.236",
"176.119.7.14",
"185.244.25.164",
"176.119.7.22",
"46.101.199.124",
"138.68.65.19",
"142.93.204.158",
"185.244.25.164",
"209.97.152.146",
"176.119.4.51",
"205.185.119.229",
"138.68.65.19",
"198.108.67.37",
"46.101.128.119",
"198.108.67.32",
"198.108.67.32",
"198.108.67.32",
"198.108.67.32",
"198.108.67.32",
"198.108.67.32",
"185.124.34.78",
"176.119.4.53",
"138.68.71.163",
"178.62.41.160",
"209.141.56.95",
"185.244.25.164",
"176.119.4.39",
"39.42.78.112",
"185.244.25.164",
"209.141.56.95",
"5.8.54.27",
"109.242.236.76",
"209.97.152.146",
"176.119.7.10",
"194.28.115.243",
"78.128.112.14",
"209.141.35.236",
"46.101.199.124",
"176.119.7.50",
"46.101.208.222",
"68.183.123.55",
"185.8.50.73",
"209.141.35.236",
"176.119.7.10",
"185.244.25.164",
"92.53.90.232",
"194.28.115.243",
"68.183.123.55",
"178.62.41.160",
"182.112.172.36",
"80.211.11.13",
"185.244.25.164",
"188.17.23.151",
"185.153.197.207",
"176.119.7.62",
"80.211.11.13",
"201.182.217.80",
"95.57.48.94",
"209.141.56.95",
"95.57.48.94",
"45.56.91.118",
"95.57.48.94",
"88.251.123.142",
"185.8.50.73",
"185.143.221.16",
"68.183.123.55",
"209.141.35.236",
"176.119.7.30",
"138.68.71.163",
"46.101.199.124",
"185.244.25.164",
"142.93.204.158",
"185.244.25.164",
"5.188.206.22",
"209.141.56.95",
"209.141.35.236",
"176.119.4.18",
"163.172.227.193",
"60.47.54.176",
"142.93.204.158",
"138.68.65.19",
"185.222.210.5",
"185.153.197.207",
"178.62.41.160",
"31.210.210.57",
"198.108.67.32",
"198.108.67.32",
"198.108.67.32",
"198.108.67.32",
"198.108.67.32",
"198.108.67.32",
"138.68.65.19",
"176.119.7.34",
"68.183.123.55",
"138.68.65.19",
"77.72.85.8",
"185.244.25.164",
"138.68.71.163",
"185.244.25.164",
"46.101.9.8",
"78.128.112.14",
"178.62.41.160",
"46.101.9.8",
"209.141.56.95",
"209.141.56.95",
"46.101.208.222",
"92.53.90.182",
"86.122.142.160",
"71.6.199.23",
"209.141.35.236",
"46.101.128.119",
"209.141.35.236",
"185.172.110.206",
"46.101.199.124",
"194.28.115.243",
"209.97.152.146",
"185.244.25.164",
"197.43.128.239",
"185.244.25.164",
"194.28.115.245",
"92.53.90.212",
"80.211.254.249",
"31.192.108.69",
"46.101.199.124",
"198.108.67.44",
"68.183.123.55",
"80.211.11.13",
"209.97.152.146",
"185.8.50.73",
"176.119.4.37",
"80.211.11.13",
"46.101.9.8",
"185.244.25.164",
"185.153.198.249",
"209.141.35.236",
"139.162.65.76",
"185.244.25.164",
"203.218.16.167",
"107.170.205.106",
"46.101.9.8",
"178.62.41.160",
"138.68.65.19",
"188.166.3.86",
"209.141.35.236",
"185.8.50.73",
"176.119.4.51",
"221.230.7.85",
"185.244.25.164",
"107.170.205.106",
"178.62.41.160",
"78.128.112.94",
"188.166.3.86",
"142.93.204.158",
"209.141.56.95",
"185.8.50.73",
"209.141.56.95",
"36.66.105.159",
"46.101.208.222",
"176.119.7.50",
"209.141.35.236",
"103.78.132.4",
"176.119.7.62",
"60.217.72.12",
"176.119.1.206",
"185.244.25.164",
"209.141.35.236",
"138.68.71.163",
"42.227.128.159",
"68.183.123.55",
"176.119.7.62",
"46.101.9.8",
"185.244.25.164",
"176.119.4.56",
"138.68.71.163",
"142.93.204.158",
"176.119.7.2",
"68.183.123.55",
"194.28.115.245",
"46.101.9.8",
"46.101.208.222",
"185.244.25.164",
"209.97.152.146",
"195.211.213.8",
"195.211.213.8",
"80.211.11.13",
"185.244.25.164",
"176.119.7.38",
"71.6.146.186",
"209.141.56.95",
"209.141.56.95",
"80.211.11.13",
"41.47.185.149",
"176.119.4.27",
"209.141.35.236",
"77.72.85.185",
"176.119.1.206",
"176.119.4.9",
"209.97.152.146",
"68.183.123.55",
"205.185.119.229",
"209.141.35.236",
"188.166.3.86",
"185.8.50.73",
"188.166.3.86",
"92.53.90.181",
"176.119.4.18",
"195.211.213.8",
"185.244.25.164",
"195.211.213.8",
"195.211.213.8",
"195.211.213.8",
"195.211.213.8",
"68.183.123.55",
"100.12.111.217",
"80.211.254.249",
"46.101.199.124",
"178.62.41.160",
"142.93.204.158",
"209.141.56.95",
"131.100.127.2",
"185.244.25.164",
"104.248.216.219",
"176.119.7.18",
"146.0.75.230",
"209.141.35.236",
"92.53.90.181",
"209.141.35.236",
